{"chunk_definitions":[{"row":29,"row_count":1,"visible":true,"expansion_state":0,"options":{"engine":"r","label":"unnamed-chunk-1","dev":"png"},"document_id":"DACFDAD4","chunk_id":"cwvz8439qjthd","chunk_label":"unnamed-chunk-1"},{"row":37,"row_count":1,"visible":true,"expansion_state":0,"options":{"engine":"r","label":"unnamed-chunk-2","dev":"png"},"document_id":"DACFDAD4","chunk_id":"c0c1gyrnzows1","chunk_label":"unnamed-chunk-2"},{"row":55,"row_count":1,"visible":true,"expansion_state":0,"options":{"engine":"r","label":"tbl-personajes","dev":"png"},"document_id":"DACFDAD4","chunk_id":"civruhhtvd0ih","chunk_label":"unnamed-chunk-3"},{"row":92,"row_count":1,"visible":true,"expansion_state":0,"options":{"engine":"r","label":"unnamed-chunk-5","dev":"png"},"document_id":"DACFDAD4","chunk_id":"cz3kieq0o6oai","chunk_label":"unnamed-chunk-4"},{"row":120,"row_count":1,"visible":true,"expansion_state":0,"options":{"engine":"r","label":"unnamed-chunk-7","dev":"png"},"document_id":"DACFDAD4","chunk_id":"cqng3pem1mvrc","chunk_label":"unnamed-chunk-5"}],"doc_write_time":1754296715,"chunk_rendered_width":689}