{"title":"Explorando la galaxia con Quarto","markdown":{"yaml":{"title":"Explorando la galaxia con Quarto","author":"Jesica Formoso","editor":"visual"},"headingText":"Introducción","containsRefs":false,"markdown":"\n\n\nEste documento usa el conjunto de datos `starwars` del paquete `dplyr` para ilustrar cómo crear documentos reproducibles en Quarto.\n\n### Opciones de ejecución\n\nQuarto permite controlar la salida o visualización del código ejecutado. Por ejemplo:\n\n-   `echo`: determina si el código se va a incluir en el documento compilado.\n\n-   `warning`, `message` y `error`: definen si se mostrarán mensajes, advertencias y errores en el documento final.\n\nEstas opciones pueden especificarse a nivel global, en el encabezado yaml, o por bloque de código, permitiendo personalizar el comportamiento de un bloque en particular.\n\n![](capturas/opciones.png)\n\nMás info: [Execution Options](https://quarto.org/docs/computations/execution-options.html)\n\n## Cargando y explorando los datos\n\n```{r}\n\nlibrary(tidyverse)\n\n```\n\n```{r}\n\ndata(\"starwars\")\n\nglimpse(starwars)\n\n```\n\n### Ejercicio 1\n\n1.  Especificá a nivel global que el código no se muestre en el documento resultante.\n\n2.  Especificá a nivel del bloque de código en que se carga el paquete `tidyverse` qué no se muestren mensajes.\n\n3.  Renderizá el documento.\n\n## Tablas\n\nPodemos crear una tabla de cero desde el editor visual:\n\n![](capturas/insertar-tabla.png) También podemos mostrar un tibble o data frame:\n\n```{r}\n# Mostrar una tabla con las primeras 10 filas del dataset y las columnas name, height, mass y gender\n\n\n```\n\nA esta tabla podés darle estilo con paquetes como knitr y gt.\n\n-   `knitr::kable()`\n-   `gt::gt()`\n\nQuarto permite referenciar las tablas y figuras que creamos dentro del cuerpo del texto utilizando etiquetas (label). Para hacerlo, se asigna un nombre al bloque de código que contiene a la tabla o figura: si se trata de una tabla, la etiqueta debe comenzar con `tbl-`; si es una figura, debe comenzar con `fig-`. Luego, en el cuerpo del documento, se puede hacer referencia a ese contenido escribiendo `@tbl-nombre` o `@fig-nombre`.\n\n## Figuras\n\nEn Quarto, podés incluir figuras de distintas formas: usando imágenes almacenadas localmente, enlazando imágenes desde una URL o generando gráficos directamente desde código.\n\n1.  **Insertar una imagen local**\n\nSi tenés una imagen guardada en una carpeta (por ejemplo, img/), podés insertarla usando el editor visual:\n\n![Cómo insertar una imagen desde el editor visual](capturas/insertar-imagen.png){width=\"200\"}\n\n2.  **Insertar una imagen desde una URL**\n\nPodés mostrar imágenes directamente desde la web utilizando su dirección:\n\n![](https://upload.wikimedia.org/wikipedia/en/thumb/8/87/StarWarsMoviePoster1977.jpg/250px-StarWarsMoviePoster1977.jpg){width=\"150\"}\n\nAsegurate de que la URL apunte a un archivo de imagen (.png, .jpg, etc.) accesible públicamente.\n\n3.  **Incluir figuras generadas por código**\n\n```{r}\n\nstarwars |> \n  filter(!is.na(gender)) |> \n  ggplot(aes(x = height, y = mass)) +\n  geom_point(aes(color = gender)) +\n  labs(x = \"Altura (cm)\", y = \"Masa (kg)\")\n\n```\n\nCuando generás gráficos desde un chunk, podés ajustar varios parámetros para controlar cómo se muestran:\n\n-   `fig-cap`: Título o leyenda de la figura.\n\n-   `fig-width`: Ancho de la figura (en pulgadas).\n\n-   `fig-height`: Alto de la figura (en pulgadas).\n\n-   `fig-align`: Alineación de la figura. Puede ser \"left\", \"center\" o \"right\".\n\n-   `fig-alt`: Texto alternativo para accesibilidad.\n\nMás info: [Figures in Quarto](https://quarto.org/docs/authoring/figures.html)\n\n### Ejercicio 2\n\n1.  Agregá una etiqueta al bloque de código que contiene el gráfico para poder referenciarla más adelante.\n2.  Agregá `fig-cap` y `fig-width` a la figura para modificar esos parámetros.\n3.  Escribí una línea de texto referenciando la figura.\n4.  Renderizá el documento.\n\n## Código en línea\n\nQuarto permite insertar resultados de código directamente en la narrativa. Usamos:\n\n```{r}\n# Crear max_edad con la edad del personaje más viejo. \n# Crear personaje_mas_viejo con el nombre. \n# Usar código en el texto para recuperar estos valores. \n\n```\n\nMás info: [Inline Code](https://quarto.org/docs/computations/execution-options.html#inline-code)\n\n### Ejercicio 3\n\n1.  Insertá un nuevo bloque de código.\n2.  Identificá el outlier del gráfico anterior (el personaje más pesado).\n3.  Completá el texto siguiente de forma que al renderizar el documento muestre el nombre del personaje y su peso.\n\nEl personaje más pesado es ?  con ? kilos.\n\n4.  Insertar una imagen del personaje (podés encontrar una en la carpeta `img` dentro de este mismo proyecto 😉).\n\n5.  Renderizá el documento.\n\n## Citas y referencias\n\nQuarto permite citar fuentes bibliográficas de forma sencilla y flexible. Podés hacerlo desde el editor visual o desde el código fuente, y tenés varias opciones para administrar las referencias.\n\n1.  **Crear y usar un archivo .bib**\n\nUn archivo .bib (BibTeX) es un archivo de texto que contiene referencias estructuradas con un identificador único (`@clave`), y campos como autor, título, año, etc.\n\n``` bibtex\n\n@article{PrincessLeia32,\n  author  = {Princess of Alderaan, Leia},\n  title   = {An analysis of intergalactic trade routes},\n  journal = {Journal of Galactic Studies},\n  year    = {32},\n  volume  = {42},\n  number  = {3},\n  pages   = {123-145},\n  doi     = {10.1234/jgs.v42i3.5678}\n}\n```\n\nPara usarlo en Quarto, tenés que indicar el nombre del archivo .bib en el YAML del documento:\n\n![](capturas/referencias2.png)\n\nLuego, podés citar con `@PrincessLeia32` en el cuerpo del texto, y Quarto generará automáticamente una sección de referencias al final del documento.\n\n2.  **Insertar citas desde el editor visual**\n\nSi estás usando el editor visual de Quarto, podés insertar una cita sin escribir código. Solo tenés que:\n\n![](capturas/referencias.png)\n\nAl insertar la referencia:\n\n-   Quarto crea el código para citarla dentro del texto.\n\n-   Crea el listado de referencias al final de artículo.\n\n-   Crear un archivo references.bib y lo agrega al yaml del documento.\n\n## \n","srcMarkdownNoYaml":"\n\n## Introducción\n\nEste documento usa el conjunto de datos `starwars` del paquete `dplyr` para ilustrar cómo crear documentos reproducibles en Quarto.\n\n### Opciones de ejecución\n\nQuarto permite controlar la salida o visualización del código ejecutado. Por ejemplo:\n\n-   `echo`: determina si el código se va a incluir en el documento compilado.\n\n-   `warning`, `message` y `error`: definen si se mostrarán mensajes, advertencias y errores en el documento final.\n\nEstas opciones pueden especificarse a nivel global, en el encabezado yaml, o por bloque de código, permitiendo personalizar el comportamiento de un bloque en particular.\n\n![](capturas/opciones.png)\n\nMás info: [Execution Options](https://quarto.org/docs/computations/execution-options.html)\n\n## Cargando y explorando los datos\n\n```{r}\n\nlibrary(tidyverse)\n\n```\n\n```{r}\n\ndata(\"starwars\")\n\nglimpse(starwars)\n\n```\n\n### Ejercicio 1\n\n1.  Especificá a nivel global que el código no se muestre en el documento resultante.\n\n2.  Especificá a nivel del bloque de código en que se carga el paquete `tidyverse` qué no se muestren mensajes.\n\n3.  Renderizá el documento.\n\n## Tablas\n\nPodemos crear una tabla de cero desde el editor visual:\n\n![](capturas/insertar-tabla.png) También podemos mostrar un tibble o data frame:\n\n```{r}\n# Mostrar una tabla con las primeras 10 filas del dataset y las columnas name, height, mass y gender\n\n\n```\n\nA esta tabla podés darle estilo con paquetes como knitr y gt.\n\n-   `knitr::kable()`\n-   `gt::gt()`\n\nQuarto permite referenciar las tablas y figuras que creamos dentro del cuerpo del texto utilizando etiquetas (label). Para hacerlo, se asigna un nombre al bloque de código que contiene a la tabla o figura: si se trata de una tabla, la etiqueta debe comenzar con `tbl-`; si es una figura, debe comenzar con `fig-`. Luego, en el cuerpo del documento, se puede hacer referencia a ese contenido escribiendo `@tbl-nombre` o `@fig-nombre`.\n\n## Figuras\n\nEn Quarto, podés incluir figuras de distintas formas: usando imágenes almacenadas localmente, enlazando imágenes desde una URL o generando gráficos directamente desde código.\n\n1.  **Insertar una imagen local**\n\nSi tenés una imagen guardada en una carpeta (por ejemplo, img/), podés insertarla usando el editor visual:\n\n![Cómo insertar una imagen desde el editor visual](capturas/insertar-imagen.png){width=\"200\"}\n\n2.  **Insertar una imagen desde una URL**\n\nPodés mostrar imágenes directamente desde la web utilizando su dirección:\n\n![](https://upload.wikimedia.org/wikipedia/en/thumb/8/87/StarWarsMoviePoster1977.jpg/250px-StarWarsMoviePoster1977.jpg){width=\"150\"}\n\nAsegurate de que la URL apunte a un archivo de imagen (.png, .jpg, etc.) accesible públicamente.\n\n3.  **Incluir figuras generadas por código**\n\n```{r}\n\nstarwars |> \n  filter(!is.na(gender)) |> \n  ggplot(aes(x = height, y = mass)) +\n  geom_point(aes(color = gender)) +\n  labs(x = \"Altura (cm)\", y = \"Masa (kg)\")\n\n```\n\nCuando generás gráficos desde un chunk, podés ajustar varios parámetros para controlar cómo se muestran:\n\n-   `fig-cap`: Título o leyenda de la figura.\n\n-   `fig-width`: Ancho de la figura (en pulgadas).\n\n-   `fig-height`: Alto de la figura (en pulgadas).\n\n-   `fig-align`: Alineación de la figura. Puede ser \"left\", \"center\" o \"right\".\n\n-   `fig-alt`: Texto alternativo para accesibilidad.\n\nMás info: [Figures in Quarto](https://quarto.org/docs/authoring/figures.html)\n\n### Ejercicio 2\n\n1.  Agregá una etiqueta al bloque de código que contiene el gráfico para poder referenciarla más adelante.\n2.  Agregá `fig-cap` y `fig-width` a la figura para modificar esos parámetros.\n3.  Escribí una línea de texto referenciando la figura.\n4.  Renderizá el documento.\n\n## Código en línea\n\nQuarto permite insertar resultados de código directamente en la narrativa. Usamos:\n\n```{r}\n# Crear max_edad con la edad del personaje más viejo. \n# Crear personaje_mas_viejo con el nombre. \n# Usar código en el texto para recuperar estos valores. \n\n```\n\nMás info: [Inline Code](https://quarto.org/docs/computations/execution-options.html#inline-code)\n\n### Ejercicio 3\n\n1.  Insertá un nuevo bloque de código.\n2.  Identificá el outlier del gráfico anterior (el personaje más pesado).\n3.  Completá el texto siguiente de forma que al renderizar el documento muestre el nombre del personaje y su peso.\n\nEl personaje más pesado es ?  con ? kilos.\n\n4.  Insertar una imagen del personaje (podés encontrar una en la carpeta `img` dentro de este mismo proyecto 😉).\n\n5.  Renderizá el documento.\n\n## Citas y referencias\n\nQuarto permite citar fuentes bibliográficas de forma sencilla y flexible. Podés hacerlo desde el editor visual o desde el código fuente, y tenés varias opciones para administrar las referencias.\n\n1.  **Crear y usar un archivo .bib**\n\nUn archivo .bib (BibTeX) es un archivo de texto que contiene referencias estructuradas con un identificador único (`@clave`), y campos como autor, título, año, etc.\n\n``` bibtex\n\n@article{PrincessLeia32,\n  author  = {Princess of Alderaan, Leia},\n  title   = {An analysis of intergalactic trade routes},\n  journal = {Journal of Galactic Studies},\n  year    = {32},\n  volume  = {42},\n  number  = {3},\n  pages   = {123-145},\n  doi     = {10.1234/jgs.v42i3.5678}\n}\n```\n\nPara usarlo en Quarto, tenés que indicar el nombre del archivo .bib en el YAML del documento:\n\n![](capturas/referencias2.png)\n\nLuego, podés citar con `@PrincessLeia32` en el cuerpo del texto, y Quarto generará automáticamente una sección de referencias al final del documento.\n\n2.  **Insertar citas desde el editor visual**\n\nSi estás usando el editor visual de Quarto, podés insertar una cita sin escribir código. Solo tenés que:\n\n![](capturas/referencias.png)\n\nAl insertar la referencia:\n\n-   Quarto crea el código para citarla dentro del texto.\n\n-   Crea el listado de referencias al final de artículo.\n\n-   Crear un archivo references.bib y lo agrega al yaml del documento.\n\n## \n"},"formats":{"html":{"identifier":{"display-name":"HTML","target-format":"html","base-format":"html"},"execute":{"fig-width":7,"fig-height":5,"fig-format":"retina","fig-dpi":96,"df-print":"default","error":false,"eval":true,"cache":null,"freeze":false,"echo":true,"output":true,"warning":true,"include":true,"keep-md":false,"keep-ipynb":false,"ipynb":null,"enabled":null,"daemon":null,"daemon-restart":false,"debug":false,"ipynb-filters":[],"ipynb-shell-interactivity":null,"plotly-connected":true,"engine":"knitr"},"render":{"keep-tex":false,"keep-typ":false,"keep-source":false,"keep-hidden":false,"prefer-html":false,"output-divs":true,"output-ext":"html","fig-align":"default","fig-pos":null,"fig-env":null,"code-fold":"none","code-overflow":"scroll","code-link":false,"code-line-numbers":false,"code-tools":false,"tbl-colwidths":"auto","merge-includes":true,"inline-includes":false,"preserve-yaml":false,"latex-auto-mk":true,"latex-auto-install":true,"latex-clean":true,"latex-min-runs":1,"latex-max-runs":10,"latex-makeindex":"makeindex","latex-makeindex-opts":[],"latex-tlmgr-opts":[],"latex-input-paths":[],"latex-output-dir":null,"link-external-icon":false,"link-external-newwindow":false,"self-contained-math":false,"format-resources":[],"notebook-links":true},"pandoc":{"standalone":true,"wrap":"none","default-image-extension":"png","to":"html","output-file":"quarto-starwars.html"},"language":{"toc-title-document":"Table of contents","toc-title-website":"On this page","related-formats-title":"Other Formats","related-notebooks-title":"Notebooks","source-notebooks-prefix":"Source","other-links-title":"Other Links","code-links-title":"Code Links","launch-dev-container-title":"Launch Dev Container","launch-binder-title":"Launch Binder","article-notebook-label":"Article Notebook","notebook-preview-download":"Download Notebook","notebook-preview-download-src":"Download Source","notebook-preview-back":"Back to Article","manuscript-meca-bundle":"MECA Bundle","section-title-abstract":"Abstract","section-title-appendices":"Appendices","section-title-footnotes":"Footnotes","section-title-references":"References","section-title-reuse":"Reuse","section-title-copyright":"Copyright","section-title-citation":"Citation","appendix-attribution-cite-as":"For attribution, please cite this work as:","appendix-attribution-bibtex":"BibTeX citation:","appendix-view-license":"View License","title-block-author-single":"Author","title-block-author-plural":"Authors","title-block-affiliation-single":"Affiliation","title-block-affiliation-plural":"Affiliations","title-block-published":"Published","title-block-modified":"Modified","title-block-keywords":"Keywords","callout-tip-title":"Tip","callout-note-title":"Note","callout-warning-title":"Warning","callout-important-title":"Important","callout-caution-title":"Caution","code-summary":"Code","code-tools-menu-caption":"Code","code-tools-show-all-code":"Show All Code","code-tools-hide-all-code":"Hide All Code","code-tools-view-source":"View Source","code-tools-source-code":"Source Code","tools-share":"Share","tools-download":"Download","code-line":"Line","code-lines":"Lines","copy-button-tooltip":"Copy to Clipboard","copy-button-tooltip-success":"Copied!","repo-action-links-edit":"Edit this page","repo-action-links-source":"View source","repo-action-links-issue":"Report an issue","back-to-top":"Back to top","search-no-results-text":"No results","search-matching-documents-text":"matching documents","search-copy-link-title":"Copy link to search","search-hide-matches-text":"Hide additional matches","search-more-match-text":"more match in this document","search-more-matches-text":"more matches in this document","search-clear-button-title":"Clear","search-text-placeholder":"","search-detached-cancel-button-title":"Cancel","search-submit-button-title":"Submit","search-label":"Search","toggle-section":"Toggle section","toggle-sidebar":"Toggle sidebar navigation","toggle-dark-mode":"Toggle dark mode","toggle-reader-mode":"Toggle reader mode","toggle-navigation":"Toggle navigation","crossref-fig-title":"Figure","crossref-tbl-title":"Table","crossref-lst-title":"Listing","crossref-thm-title":"Theorem","crossref-lem-title":"Lemma","crossref-cor-title":"Corollary","crossref-prp-title":"Proposition","crossref-cnj-title":"Conjecture","crossref-def-title":"Definition","crossref-exm-title":"Example","crossref-exr-title":"Exercise","crossref-ch-prefix":"Chapter","crossref-apx-prefix":"Appendix","crossref-sec-prefix":"Section","crossref-eq-prefix":"Equation","crossref-lof-title":"List of Figures","crossref-lot-title":"List of Tables","crossref-lol-title":"List of Listings","environment-proof-title":"Proof","environment-remark-title":"Remark","environment-solution-title":"Solution","listing-page-order-by":"Order By","listing-page-order-by-default":"Default","listing-page-order-by-date-asc":"Oldest","listing-page-order-by-date-desc":"Newest","listing-page-order-by-number-desc":"High to Low","listing-page-order-by-number-asc":"Low to High","listing-page-field-date":"Date","listing-page-field-title":"Title","listing-page-field-description":"Description","listing-page-field-author":"Author","listing-page-field-filename":"File Name","listing-page-field-filemodified":"Modified","listing-page-field-subtitle":"Subtitle","listing-page-field-readingtime":"Reading Time","listing-page-field-wordcount":"Word Count","listing-page-field-categories":"Categories","listing-page-minutes-compact":"{0} min","listing-page-category-all":"All","listing-page-no-matches":"No matching items","listing-page-words":"{0} words","listing-page-filter":"Filter","draft":"Draft"},"metadata":{"lang":"en","fig-responsive":true,"quarto-version":"1.7.32","title":"Explorando la galaxia con Quarto","author":"Jesica Formoso","editor":"visual"},"extensions":{"book":{"multiFile":true}}}},"projectFormats":[]}